﻿<?xml version="1.0" encoding="UTF-8"?><mdb:MD_Metadata xmlns:gco="http://standards.iso.org/iso/19115/-3/gco/1.0" xmlns:dqc="http://standards.iso.org/iso/19157/-2/dqc/1.0" xmlns:md1="http://standards.iso.org/iso/19115/-3/md1/1.0" xmlns:md2="http://standards.iso.org/iso/19115/-3/md2/1.0" xmlns:mmi="http://standards.iso.org/iso/19115/-3/mmi/1.0" xmlns:msr="http://standards.iso.org/iso/19115/-3/msr/1.0" xmlns:mco="http://standards.iso.org/iso/19115/-3/mco/1.0" xmlns:mex="http://standards.iso.org/iso/19115/-3/mex/1.0" xmlns:mrd="http://standards.iso.org/iso/19115/-3/mrd/1.0" xmlns:mrc="http://standards.iso.org/iso/19115/-3/mrc/1.0" xmlns:lan="http://standards.iso.org/iso/19115/-3/lan/1.0" xmlns:mcc="http://standards.iso.org/iso/19115/-3/mcc/1.0" xmlns:mdb="http://standards.iso.org/iso/19115/-3/mdb/1.0" xmlns:mdq="http://standards.iso.org/iso/19157/-2/mdq/1.0" xmlns:cit="http://standards.iso.org/iso/19115/-3/cit/1.0" xmlns:mri="http://standards.iso.org/iso/19115/-3/mri/1.0" xmlns:mrl="http://standards.iso.org/iso/19115/-3/mrl/1.0" xmlns:gex="http://standards.iso.org/iso/19115/-3/gex/1.0" xmlns:xsi="http://www.w3.org/2001/XMLSchema-instance" xmlns:mrs="http://standards.iso.org/iso/19115/-3/mrs/1.0" xmlns:type="http://www.w3.org/1999/xlink" xsi:schemaLocation="http://standards.iso.org/iso/19115/-3/md2/1.0 http://standards.iso.org/iso/19115/-3/md2/1.0/md2.xsd"><mdb:metadataIdentifier><mcc:MD_Identifier><mcc:code><gco:CharacterString>TW-04-301010000C-000001</gco:CharacterString></mcc:code></mcc:MD_Identifier></mdb:metadataIdentifier><mdb:defaultLocale><lan:PT_Locale><lan:language><lan:LanguageCode codeList="http://standards.iso.org/iso/19115/resources/Codelist/lan/LanguageCode.xml" codeListValue="chi">chi</lan:LanguageCode></lan:language><lan:characterEncoding><lan:MD_CharacterSetCode codeList="https://standards.iso.org/iso/19139/resources/gmxCodelists.xml" codeListValue="utf8">utf8</lan:MD_CharacterSetCode></lan:characterEncoding></lan:PT_Locale></mdb:defaultLocale><mdb:parentMetadata><cit:CI_Citation><cit:title><gco:CharacterString></gco:CharacterString></cit:title></cit:CI_Citation></mdb:parentMetadata><mdb:contact><cit:CI_Responsibility><cit:role><cit:CI_RoleCode codeList="http://standards.iso.org/iso/19115/resources/Codelist/cat/codelists.xml#CI_RoleCode" codeListValue="pointOfContact">pointOfContact</cit:CI_RoleCode></cit:role><cit:party><cit:CI_Organisation><cit:name><gco:CharacterString>內政部警政署</gco:CharacterString></cit:name><cit:contactInfo><cit:CI_Contact><cit:phone><cit:CI_Telephone><cit:number><gco:CharacterString>+886-23931791#6118</gco:CharacterString></cit:number><cit:numberType><cit:CI_TelephoneTypeCode codeList="http://standards.iso.org/iso/19115/resources/Codelist/cat/codelists.xml#CI_TelephoneTypeCode" codeListValue="voice">voice</cit:CI_TelephoneTypeCode></cit:numberType><cit:number><gco:CharacterString /></cit:number><cit:number><gco:CharacterString /></cit:number><cit:number><gco:CharacterString /></cit:number><cit:number><gco:CharacterString /></cit:number><cit:number><gco:CharacterString /></cit:number><cit:number><gco:CharacterString /></cit:number><cit:number><gco:CharacterString /></cit:number><cit:number><gco:CharacterString /></cit:number><cit:number><gco:CharacterString /></cit:number><cit:number><gco:CharacterString /></cit:number><cit:number><gco:CharacterString /></cit:number><cit:number><gco:CharacterString /></cit:number><cit:number><gco:CharacterString /></cit:number><cit:number><gco:CharacterString /></cit:number><cit:number><gco:CharacterString /></cit:number></cit:CI_Telephone></cit:phone><cit:address><cit:CI_Address><cit:deliveryPoint><gco:CharacterString>台北市中正區100忠孝東路一段7號</gco:CharacterString></cit:deliveryPoint><cit:city><gco:CharacterString></gco:CharacterString></cit:city><cit:administrativeArea><gco:CharacterString></gco:CharacterString></cit:administrativeArea><cit:postalCode><gco:CharacterString>100</gco:CharacterString></cit:postalCode><cit:country><gco:CharacterString>中華民國</gco:CharacterString></cit:country><cit:electronicMailAddress><gco:CharacterString>hiruko@npa.gov.tw</gco:CharacterString></cit:electronicMailAddress></cit:CI_Address></cit:address></cit:CI_Contact></cit:contactInfo><cit:individual><cit:CI_Individual><cit:name><gco:CharacterString>周蓮蓉</gco:CharacterString></cit:name><cit:positionName><gco:CharacterString>內政部警政署</gco:CharacterString></cit:positionName></cit:CI_Individual><cit:CI_Individual><cit:name><gco:CharacterString /></cit:name></cit:CI_Individual><cit:CI_Individual><cit:positionName><gco:CharacterString /></cit:positionName></cit:CI_Individual><cit:CI_Individual><cit:name><gco:CharacterString /></cit:name></cit:CI_Individual><cit:CI_Individual><cit:positionName><gco:CharacterString /></cit:positionName></cit:CI_Individual><cit:CI_Individual><cit:name><gco:CharacterString /></cit:name></cit:CI_Individual><cit:CI_Individual><cit:positionName><gco:CharacterString /></cit:positionName></cit:CI_Individual><cit:CI_Individual><cit:name><gco:CharacterString /></cit:name></cit:CI_Individual><cit:CI_Individual><cit:positionName><gco:CharacterString /></cit:positionName></cit:CI_Individual><cit:CI_Individual><cit:name><gco:CharacterString /></cit:name></cit:CI_Individual><cit:CI_Individual><cit:positionName><gco:CharacterString /></cit:positionName></cit:CI_Individual><cit:CI_Individual><cit:name><gco:CharacterString /></cit:name></cit:CI_Individual><cit:CI_Individual><cit:positionName><gco:CharacterString /></cit:positionName></cit:CI_Individual><cit:CI_Individual><cit:name><gco:CharacterString /></cit:name></cit:CI_Individual><cit:CI_Individual><cit:positionName><gco:CharacterString /></cit:positionName></cit:CI_Individual><cit:CI_Individual><cit:name><gco:CharacterString /></cit:name></cit:CI_Individual><cit:CI_Individual><cit:positionName><gco:CharacterString /></cit:positionName></cit:CI_Individual><cit:CI_Individual><cit:name><gco:CharacterString /></cit:name></cit:CI_Individual><cit:CI_Individual><cit:positionName><gco:CharacterString /></cit:positionName></cit:CI_Individual><cit:CI_Individual><cit:name><gco:CharacterString /></cit:name></cit:CI_Individual><cit:CI_Individual><cit:positionName><gco:CharacterString /></cit:positionName></cit:CI_Individual><cit:CI_Individual><cit:name><gco:CharacterString /></cit:name></cit:CI_Individual><cit:CI_Individual><cit:positionName><gco:CharacterString /></cit:positionName></cit:CI_Individual><cit:CI_Individual><cit:name><gco:CharacterString /></cit:name></cit:CI_Individual><cit:CI_Individual><cit:positionName><gco:CharacterString /></cit:positionName></cit:CI_Individual><cit:CI_Individual><cit:name><gco:CharacterString /></cit:name></cit:CI_Individual><cit:CI_Individual><cit:positionName><gco:CharacterString /></cit:positionName></cit:CI_Individual><cit:CI_Individual><cit:name><gco:CharacterString /></cit:name></cit:CI_Individual><cit:CI_Individual><cit:positionName><gco:CharacterString /></cit:positionName></cit:CI_Individual><cit:CI_Individual><cit:name><gco:CharacterString /></cit:name></cit:CI_Individual><cit:CI_Individual><cit:positionName><gco:CharacterString /></cit:positionName></cit:CI_Individual></cit:individual></cit:CI_Organisation></cit:party></cit:CI_Responsibility></mdb:contact><mdb:dateInfo><cit:CI_Date><cit:date><gco:DateTime>2020-02-06T12:00:00</gco:DateTime></cit:date><cit:dateType><cit:CI_DateTypeCode codeList="http://standards.iso.org/iso/19115/resources/Codelist/cat/codelists.xml#creation" codeListValue="publication" /></cit:dateType></cit:CI_Date></mdb:dateInfo><mdb:metadataStandard><cit:CI_Citation><cit:title><gco:CharacterString>TWSMP 3.0</gco:CharacterString></cit:title></cit:CI_Citation></mdb:metadataStandard><mdb:spatialRepresentationInfo><msr:MD_VectorSpatialRepresentation><msr:geometricObjects><msr:MD_GeometricObjects><msr:geometricObjectType /></msr:MD_GeometricObjects></msr:geometricObjects></msr:MD_VectorSpatialRepresentation></mdb:spatialRepresentationInfo><mdb:referenceSystemInfo><mrs:MD_ReferenceSystem><mrs:referenceSystemIdentifier><mcc:MD_Identifier><mcc:authority><cit:CI_Citation><cit:title><gco:CharacterString>EPSG:3826(TWD97/121分帶)</gco:CharacterString></cit:title></cit:CI_Citation></mcc:authority><mcc:code><gco:CharacterString>EPSG:3826</gco:CharacterString></mcc:code></mcc:MD_Identifier></mrs:referenceSystemIdentifier><mrs:referenceSystemType><mrs:MD_ReferenceSystemTypeCode codeList="http://standards.iso.org/iso/19115/resources/Codelist/cat/codeLists.xml#MD_ReferenceSystemTypeCode" codeListValue="geographicIdentifier" /></mrs:referenceSystemType></mrs:MD_ReferenceSystem></mdb:referenceSystemInfo><!--開放資料與資產管理擴充資訊--><mdb:metadataExtensionInfo><mex:MD_MetadataExtensionInformation><mex:extendedElementInformation><mex:MD_ExtendedElementInformation><mex:name><gco:CharacterString>categoryTheme</gco:CharacterString></mex:name><mex:definition><gco:CharacterString>主題分類編號 3 碼 6 類。</gco:CharacterString></mex:definition><mex:obligation><mex:MD_ObligationCode>mandatory</mex:MD_ObligationCode></mex:obligation><mex:dataType><mex:MD_DatatypeCode codeList="http://standards.iso.&#xD;&#xA;org/iso/19115/resources/Codelist/cat/codeLists.xml#MD_DatatypeCode" codeListValue="CharacterString" /></mex:dataType><mex:maximumOccurrence><gco:CharacterString>1</gco:CharacterString></mex:maximumOccurrence><mex:domainValue><gco:CharacterString></gco:CharacterString></mex:domainValue><mex:parentEntity><gco:CharacterString>MD_Metadata</gco:CharacterString></mex:parentEntity><mex:rule><gco:CharacterString>本項目屬核心搜尋項目</gco:CharacterString></mex:rule><mex:source><cit:CI_Responsibility><cit:role><cit:CI_RoleCode codeList="http://standards.iso.org/iso/19115/resources/Codelist/cat/codeList.xml#CI_RoleCode" codeListValue="custodian">custodian</cit:CI_RoleCode></cit:role><cit:party><cit:CI_Organisation><cit:name><gco:CharacterString>內政部</gco:CharacterString></cit:name><cit:contactInfo><cit:CI_Contact><cit:phone><cit:CI_Telephone><cit:number><gco:CharacterString>+886-2-25132238</gco:CharacterString></cit:number><cit:numberType><cit:CI_TelephoneTypeCode codeList="https://standards.iso.org/iso/19115/resources/Codelists/cat/codelists.xml#CI_&#xD;&#xA;TelephoneTypeCode" codeListValue="office" /></cit:numberType></cit:CI_Telephone></cit:phone><cit:address><cit:CI_Address><cit:deliveryPoint><gco:CharacterString>徐州路５號七樓</gco:CharacterString></cit:deliveryPoint><cit:city><gco:CharacterString>臺北市中正區</gco:CharacterString></cit:city><cit:postalCode><gco:CharacterString>10055</gco:CharacterString></cit:postalCode><cit:country><gco:CharacterString>中華民國</gco:CharacterString></cit:country><cit:electronicMailAddress><gco:CharacterString>moi1559@moi.gov.tw</gco:CharacterString></cit:electronicMailAddress></cit:CI_Address></cit:address></cit:CI_Contact></cit:contactInfo></cit:CI_Organisation></cit:party></cit:CI_Responsibility></mex:source></mex:MD_ExtendedElementInformation></mex:extendedElementInformation><mex:extendedElementInformation><mex:MD_ExtendedElementInformation><mex:name><gco:CharacterString>categoryService</gco:CharacterString></mex:name><mex:definition><gco:CharacterString>服務分類編號 3 碼 18 類。（依政府入口網服務分類編號選填） </gco:CharacterString></mex:definition><mex:obligation><mex:MD_ObligationCode>mandatory</mex:MD_ObligationCode></mex:obligation><mex:dataType><mex:MD_DatatypeCode codeList="http://standards.iso.&#xD;&#xA;org/iso/19115/resources/Codelist/cat/codeLists.xml#MD_DatatypeCode" codeListValue="CharacterString" /></mex:dataType><mex:maximumOccurrence><gco:CharacterString>1</gco:CharacterString></mex:maximumOccurrence><mex:domainValue><gco:CharacterString></gco:CharacterString></mex:domainValue><mex:parentEntity><gco:CharacterString>MD_Metadata</gco:CharacterString></mex:parentEntity><mex:rule><gco:CharacterString>本項目屬核心搜尋項目</gco:CharacterString></mex:rule><mex:source><cit:CI_Responsibility><cit:role><cit:CI_RoleCode codeList="http://standards.iso.org/iso/19115/resources/Codelist/cat/codeList.xml#CI_RoleCode" codeListValue="custodian">custodian</cit:CI_RoleCode></cit:role><cit:party><cit:CI_Organisation><cit:name><gco:CharacterString>內政部</gco:CharacterString></cit:name><cit:contactInfo><cit:CI_Contact><cit:phone><cit:CI_Telephone><cit:number><gco:CharacterString>+886-2-25132238</gco:CharacterString></cit:number><cit:numberType><cit:CI_TelephoneTypeCode codeList="https://standards.iso.org/iso/19115/resources/Codelists/cat/codelists.xml#CI_&#xD;&#xA;TelephoneTypeCode" codeListValue="office" /></cit:numberType></cit:CI_Telephone></cit:phone><cit:address><cit:CI_Address><cit:deliveryPoint><gco:CharacterString>徐州路５號七樓</gco:CharacterString></cit:deliveryPoint><cit:city><gco:CharacterString>臺北市中正區</gco:CharacterString></cit:city><cit:postalCode><gco:CharacterString>10055</gco:CharacterString></cit:postalCode><cit:country><gco:CharacterString>中華民國</gco:CharacterString></cit:country><cit:electronicMailAddress><gco:CharacterString>moi1559@moi.gov.tw</gco:CharacterString></cit:electronicMailAddress></cit:CI_Address></cit:address></cit:CI_Contact></cit:contactInfo></cit:CI_Organisation></cit:party></cit:CI_Responsibility></mex:source></mex:MD_ExtendedElementInformation></mex:extendedElementInformation><mex:extendedElementInformation><mex:MD_ExtendedElementInformation><mex:name><gco:CharacterString>categoryDataset</gco:CharacterString></mex:name><mex:definition><gco:CharacterString>甲類資料為開放資料，指以開放格式提供，且以無償方式，不限制使用目的、地區及期間，且不可撤回之方式授權利用為原則者；乙類資料為有限度利用資料，指以開放格式提供，且符合有償提供、保留撤回權、其他限制條件授權利用其中之一條件者。</gco:CharacterString></mex:definition><mex:obligation><mex:MD_ObligationCode>mandatory</mex:MD_ObligationCode></mex:obligation><mex:dataType><mex:MD_DatatypeCode codeList="http://standards.iso.&#xD;&#xA;org/iso/19115/resources/Codelist/cat/codeLists.xml#MD_DatatypeCode" codeListValue="CharacterString" /></mex:dataType><mex:maximumOccurrence><gco:CharacterString>1</gco:CharacterString></mex:maximumOccurrence><mex:domainValue><gco:CharacterString></gco:CharacterString></mex:domainValue><mex:parentEntity><gco:CharacterString>MD_Metadata</gco:CharacterString></mex:parentEntity><mex:rule><gco:CharacterString>本項目屬核心搜尋項目</gco:CharacterString></mex:rule><mex:source><cit:CI_Responsibility><cit:role><cit:CI_RoleCode codeList="http://standards.iso.org/iso/19115/resources/Codelist/cat/codeList.xml#CI_RoleCode" codeListValue="custodian">custodian</cit:CI_RoleCode></cit:role><cit:party><cit:CI_Organisation><cit:name><gco:CharacterString>內政部</gco:CharacterString></cit:name><cit:contactInfo><cit:CI_Contact><cit:phone><cit:CI_Telephone><cit:number><gco:CharacterString>+886-2-25132238</gco:CharacterString></cit:number><cit:numberType><cit:CI_TelephoneTypeCode codeList="https://standards.iso.org/iso/19115/resources/Codelists/cat/codelists.xml#CI_&#xD;&#xA;TelephoneTypeCode" codeListValue="office" /></cit:numberType></cit:CI_Telephone></cit:phone><cit:address><cit:CI_Address><cit:deliveryPoint><gco:CharacterString>徐州路５號七樓</gco:CharacterString></cit:deliveryPoint><cit:city><gco:CharacterString>臺北市中正區</gco:CharacterString></cit:city><cit:postalCode><gco:CharacterString>10055</gco:CharacterString></cit:postalCode><cit:country><gco:CharacterString>中華民國</gco:CharacterString></cit:country><cit:electronicMailAddress><gco:CharacterString>moi1559@moi.gov.tw</gco:CharacterString></cit:electronicMailAddress></cit:CI_Address></cit:address></cit:CI_Contact></cit:contactInfo></cit:CI_Organisation></cit:party></cit:CI_Responsibility></mex:source></mex:MD_ExtendedElementInformation></mex:extendedElementInformation><mex:extendedElementInformation><mex:MD_ExtendedElementInformation><mex:name><gco:CharacterString>license</gco:CharacterString></mex:name><mex:definition><gco:CharacterString>授權方式</gco:CharacterString></mex:definition><mex:obligation><mex:MD_ObligationCode>mandatory</mex:MD_ObligationCode></mex:obligation><mex:dataType><mex:MD_DatatypeCode codeList="http://standards.iso.&#xD;&#xA;org/iso/19115/resources/Codelist/cat/codeLists.xml#MD_DatatypeCode" codeListValue="CharacterString" /></mex:dataType><mex:maximumOccurrence><gco:CharacterString>1</gco:CharacterString></mex:maximumOccurrence><mex:domainValue><gco:CharacterString></gco:CharacterString></mex:domainValue><mex:parentEntity><gco:CharacterString>MD_Metadata</gco:CharacterString></mex:parentEntity><mex:rule><gco:CharacterString>本項目屬核心搜尋項目</gco:CharacterString></mex:rule><mex:source><cit:CI_Responsibility><cit:role><cit:CI_RoleCode codeList="http://standards.iso.org/iso/19115/resources/Codelist/cat/codeList.xml#CI_RoleCode" codeListValue="custodian">custodian</cit:CI_RoleCode></cit:role><cit:party><cit:CI_Organisation><cit:name><gco:CharacterString>內政部</gco:CharacterString></cit:name><cit:contactInfo><cit:CI_Contact><cit:phone><cit:CI_Telephone><cit:number><gco:CharacterString>+886-2-25132238</gco:CharacterString></cit:number><cit:numberType><cit:CI_TelephoneTypeCode codeList="https://standards.iso.org/iso/19115/resources/Codelists/cat/codelists.xml#CI_&#xD;&#xA;TelephoneTypeCode" codeListValue="office" /></cit:numberType></cit:CI_Telephone></cit:phone><cit:address><cit:CI_Address><cit:deliveryPoint><gco:CharacterString>徐州路５號七樓</gco:CharacterString></cit:deliveryPoint><cit:city><gco:CharacterString>臺北市中正區</gco:CharacterString></cit:city><cit:postalCode><gco:CharacterString>10055</gco:CharacterString></cit:postalCode><cit:country><gco:CharacterString>中華民國</gco:CharacterString></cit:country><cit:electronicMailAddress><gco:CharacterString>moi1559@moi.gov.tw</gco:CharacterString></cit:electronicMailAddress></cit:CI_Address></cit:address></cit:CI_Contact></cit:contactInfo></cit:CI_Organisation></cit:party></cit:CI_Responsibility></mex:source></mex:MD_ExtendedElementInformation></mex:extendedElementInformation><mex:extendedElementInformation><mex:MD_ExtendedElementInformation><mex:name><gco:CharacterString>dataProvider</gco:CharacterString></mex:name><mex:definition><gco:CharacterString>為資料集之提供人於電子化政府服務平臺公務帳號。</gco:CharacterString></mex:definition><mex:obligation><mex:MD_ObligationCode>mandatory</mex:MD_ObligationCode></mex:obligation><mex:dataType><mex:MD_DatatypeCode codeList="http://standards.iso.&#xD;&#xA;org/iso/19115/resources/Codelist/cat/codeLists.xml#MD_DatatypeCode" codeListValue="CharacterString" /></mex:dataType><mex:maximumOccurrence><gco:CharacterString>1</gco:CharacterString></mex:maximumOccurrence><mex:domainValue><gco:CharacterString></gco:CharacterString></mex:domainValue><mex:parentEntity><gco:CharacterString>MD_Metadata</gco:CharacterString></mex:parentEntity><mex:rule><gco:CharacterString>本項目屬核心搜尋項目</gco:CharacterString></mex:rule><mex:source><cit:CI_Responsibility><cit:role><cit:CI_RoleCode codeList="http://standards.iso.org/iso/19115/resources/Codelist/cat/codeList.xml#CI_RoleCode" codeListValue="custodian">custodian</cit:CI_RoleCode></cit:role><cit:party><cit:CI_Organisation><cit:name><gco:CharacterString>內政部</gco:CharacterString></cit:name><cit:contactInfo><cit:CI_Contact><cit:phone><cit:CI_Telephone><cit:number><gco:CharacterString>+886-2-25132238</gco:CharacterString></cit:number><cit:numberType><cit:CI_TelephoneTypeCode codeList="https://standards.iso.org/iso/19115/resources/Codelists/cat/codelists.xml#CI_&#xD;&#xA;TelephoneTypeCode" codeListValue="office" /></cit:numberType></cit:CI_Telephone></cit:phone><cit:address><cit:CI_Address><cit:deliveryPoint><gco:CharacterString>徐州路５號七樓</gco:CharacterString></cit:deliveryPoint><cit:city><gco:CharacterString>臺北市中正區</gco:CharacterString></cit:city><cit:postalCode><gco:CharacterString>10055</gco:CharacterString></cit:postalCode><cit:country><gco:CharacterString>中華民國</gco:CharacterString></cit:country><cit:electronicMailAddress><gco:CharacterString>moi1559@moi.gov.tw</gco:CharacterString></cit:electronicMailAddress></cit:CI_Address></cit:address></cit:CI_Contact></cit:contactInfo></cit:CI_Organisation></cit:party></cit:CI_Responsibility></mex:source></mex:MD_ExtendedElementInformation></mex:extendedElementInformation><mex:extendedElementInformation><mex:MD_ExtendedElementInformation><mex:name><gco:CharacterString>detectFrequency</gco:CharacterString></mex:name><mex:definition><gco:CharacterString>資料集之檢測頻率，系統依據檢測頻率定期檢測資料集更新與否以及資料集品質狀態。</gco:CharacterString></mex:definition><mex:obligation><mex:MD_ObligationCode>mandatory</mex:MD_ObligationCode></mex:obligation><mex:dataType><mex:MD_DatatypeCode codeList="http://standards.iso.&#xD;&#xA;org/iso/19115/resources/Codelist/cat/codeLists.xml#MD_DatatypeCode" codeListValue="CharacterString" /></mex:dataType><mex:maximumOccurrence><gco:CharacterString>1</gco:CharacterString></mex:maximumOccurrence><mex:domainValue><gco:CharacterString></gco:CharacterString></mex:domainValue><mex:parentEntity><gco:CharacterString>MD_Metadata</gco:CharacterString></mex:parentEntity><mex:rule><gco:CharacterString>本項目屬核心搜尋項目</gco:CharacterString></mex:rule><mex:source><cit:CI_Responsibility><cit:role><cit:CI_RoleCode codeList="http://standards.iso.org/iso/19115/resources/Codelist/cat/codeList.xml#CI_RoleCode" codeListValue="custodian">custodian</cit:CI_RoleCode></cit:role><cit:party><cit:CI_Organisation><cit:name><gco:CharacterString>內政部</gco:CharacterString></cit:name><cit:contactInfo><cit:CI_Contact><cit:phone><cit:CI_Telephone><cit:number><gco:CharacterString>+886-2-25132238</gco:CharacterString></cit:number><cit:numberType><cit:CI_TelephoneTypeCode codeList="https://standards.iso.org/iso/19115/resources/Codelists/cat/codelists.xml#CI_&#xD;&#xA;TelephoneTypeCode" codeListValue="office" /></cit:numberType></cit:CI_Telephone></cit:phone><cit:address><cit:CI_Address><cit:deliveryPoint><gco:CharacterString>徐州路５號七樓</gco:CharacterString></cit:deliveryPoint><cit:city><gco:CharacterString>臺北市中正區</gco:CharacterString></cit:city><cit:postalCode><gco:CharacterString>10055</gco:CharacterString></cit:postalCode><cit:country><gco:CharacterString>中華民國</gco:CharacterString></cit:country><cit:electronicMailAddress><gco:CharacterString>moi1559@moi.gov.tw</gco:CharacterString></cit:electronicMailAddress></cit:CI_Address></cit:address></cit:CI_Contact></cit:contactInfo></cit:CI_Organisation></cit:party></cit:CI_Responsibility></mex:source></mex:MD_ExtendedElementInformation></mex:extendedElementInformation><mex:extendedElementInformation><mex:MD_ExtendedElementInformation><mex:name><gco:CharacterString>resourceField</gco:CharacterString></mex:name><mex:definition><gco:CharacterString>資料資源欄位之名稱及簡要說明。</gco:CharacterString></mex:definition><mex:obligation><mex:MD_ObligationCode>mandatory</mex:MD_ObligationCode></mex:obligation><mex:dataType><mex:MD_DatatypeCode codeList="http://standards.iso.&#xD;&#xA;org/iso/19115/resources/Codelist/cat/codeLists.xml#MD_DatatypeCode" codeListValue="CharacterString" /></mex:dataType><mex:maximumOccurrence><gco:CharacterString>1</gco:CharacterString></mex:maximumOccurrence><mex:domainValue><gco:CharacterString></gco:CharacterString></mex:domainValue><mex:parentEntity><gco:CharacterString>MD_Metadata</gco:CharacterString></mex:parentEntity><mex:rule><gco:CharacterString>本項目屬核心搜尋項目</gco:CharacterString></mex:rule><mex:source><cit:CI_Responsibility><cit:role><cit:CI_RoleCode codeList="http://standards.iso.org/iso/19115/resources/Codelist/cat/codeList.xml#CI_RoleCode" codeListValue="custodian">custodian</cit:CI_RoleCode></cit:role><cit:party><cit:CI_Organisation><cit:name><gco:CharacterString>內政部</gco:CharacterString></cit:name><cit:contactInfo><cit:CI_Contact><cit:phone><cit:CI_Telephone><cit:number><gco:CharacterString>+886-2-25132238</gco:CharacterString></cit:number><cit:numberType><cit:CI_TelephoneTypeCode codeList="https://standards.iso.org/iso/19115/resources/Codelists/cat/codelists.xml#CI_&#xD;&#xA;TelephoneTypeCode" codeListValue="office" /></cit:numberType></cit:CI_Telephone></cit:phone><cit:address><cit:CI_Address><cit:deliveryPoint><gco:CharacterString>徐州路５號七樓</gco:CharacterString></cit:deliveryPoint><cit:city><gco:CharacterString>臺北市中正區</gco:CharacterString></cit:city><cit:postalCode><gco:CharacterString>10055</gco:CharacterString></cit:postalCode><cit:country><gco:CharacterString>中華民國</gco:CharacterString></cit:country><cit:electronicMailAddress><gco:CharacterString>moi1559@moi.gov.tw</gco:CharacterString></cit:electronicMailAddress></cit:CI_Address></cit:address></cit:CI_Contact></cit:contactInfo></cit:CI_Organisation></cit:party></cit:CI_Responsibility></mex:source></mex:MD_ExtendedElementInformation></mex:extendedElementInformation><mex:extendedElementInformation><mex:MD_ExtendedElementInformation><mex:name><gco:CharacterString>resourceAmount</gco:CharacterString></mex:name><mex:definition><gco:CharacterString>資料資源所收錄之資料筆數。</gco:CharacterString></mex:definition><mex:obligation><mex:MD_ObligationCode>optional</mex:MD_ObligationCode></mex:obligation><mex:dataType><mex:MD_DatatypeCode codeList="http://standards.iso.&#xD;&#xA;org/iso/19115/resources/Codelist/cat/codeLists.xml#MD_DatatypeCode" codeListValue="CharacterString" /></mex:dataType><mex:maximumOccurrence><gco:CharacterString>1</gco:CharacterString></mex:maximumOccurrence><mex:domainValue><gco:CharacterString></gco:CharacterString></mex:domainValue><mex:parentEntity><gco:CharacterString>MD_Metadata</gco:CharacterString></mex:parentEntity><mex:rule><gco:CharacterString>本項目屬核心搜尋項目</gco:CharacterString></mex:rule><mex:source><cit:CI_Responsibility><cit:role><cit:CI_RoleCode codeList="http://standards.iso.org/iso/19115/resources/Codelist/cat/codeList.xml#CI_RoleCode" codeListValue="custodian">custodian</cit:CI_RoleCode></cit:role><cit:party><cit:CI_Organisation><cit:name><gco:CharacterString>內政部</gco:CharacterString></cit:name><cit:contactInfo><cit:CI_Contact><cit:phone><cit:CI_Telephone><cit:number><gco:CharacterString>+886-2-25132238</gco:CharacterString></cit:number><cit:numberType><cit:CI_TelephoneTypeCode codeList="https://standards.iso.org/iso/19115/resources/Codelists/cat/codelists.xml#CI_&#xD;&#xA;TelephoneTypeCode" codeListValue="office" /></cit:numberType></cit:CI_Telephone></cit:phone><cit:address><cit:CI_Address><cit:deliveryPoint><gco:CharacterString>徐州路５號七樓</gco:CharacterString></cit:deliveryPoint><cit:city><gco:CharacterString>臺北市中正區</gco:CharacterString></cit:city><cit:postalCode><gco:CharacterString>10055</gco:CharacterString></cit:postalCode><cit:country><gco:CharacterString>中華民國</gco:CharacterString></cit:country><cit:electronicMailAddress><gco:CharacterString>moi1559@moi.gov.tw</gco:CharacterString></cit:electronicMailAddress></cit:CI_Address></cit:address></cit:CI_Contact></cit:contactInfo></cit:CI_Organisation></cit:party></cit:CI_Responsibility></mex:source></mex:MD_ExtendedElementInformation></mex:extendedElementInformation><mex:extendedElementInformation><mex:MD_ExtendedElementInformation><mex:name><gco:CharacterString>resourceNotes</gco:CharacterString></mex:name><mex:definition><gco:CharacterString>資料資源相關資訊備註說明。</gco:CharacterString></mex:definition><mex:obligation><mex:MD_ObligationCode>optional</mex:MD_ObligationCode></mex:obligation><mex:dataType><mex:MD_DatatypeCode codeList="http://standards.iso.&#xD;&#xA;org/iso/19115/resources/Codelist/cat/codeLists.xml#MD_DatatypeCode" codeListValue="CharacterString" /></mex:dataType><mex:maximumOccurrence><gco:CharacterString>1</gco:CharacterString></mex:maximumOccurrence><mex:domainValue><gco:CharacterString></gco:CharacterString></mex:domainValue><mex:parentEntity><gco:CharacterString>MD_Metadata</gco:CharacterString></mex:parentEntity><mex:rule><gco:CharacterString>本項目屬核心搜尋項目</gco:CharacterString></mex:rule><mex:source><cit:CI_Responsibility><cit:role><cit:CI_RoleCode codeList="http://standards.iso.org/iso/19115/resources/Codelist/cat/codeList.xml#CI_RoleCode" codeListValue="custodian">custodian</cit:CI_RoleCode></cit:role><cit:party><cit:CI_Organisation><cit:name><gco:CharacterString>內政部</gco:CharacterString></cit:name><cit:contactInfo><cit:CI_Contact><cit:phone><cit:CI_Telephone><cit:number><gco:CharacterString>+886-2-25132238</gco:CharacterString></cit:number><cit:numberType><cit:CI_TelephoneTypeCode codeList="https://standards.iso.org/iso/19115/resources/Codelists/cat/codelists.xml#CI_&#xD;&#xA;TelephoneTypeCode" codeListValue="office" /></cit:numberType></cit:CI_Telephone></cit:phone><cit:address><cit:CI_Address><cit:deliveryPoint><gco:CharacterString>徐州路５號七樓</gco:CharacterString></cit:deliveryPoint><cit:city><gco:CharacterString>臺北市中正區</gco:CharacterString></cit:city><cit:postalCode><gco:CharacterString>10055</gco:CharacterString></cit:postalCode><cit:country><gco:CharacterString>中華民國</gco:CharacterString></cit:country><cit:electronicMailAddress><gco:CharacterString>moi1559@moi.gov.tw</gco:CharacterString></cit:electronicMailAddress></cit:CI_Address></cit:address></cit:CI_Contact></cit:contactInfo></cit:CI_Organisation></cit:party></cit:CI_Responsibility></mex:source></mex:MD_ExtendedElementInformation></mex:extendedElementInformation><mex:extendedElementInformation><mex:MD_ExtendedElementInformation><mex:name><gco:CharacterString>qcLevel</gco:CharacterString></mex:name><mex:definition><gco:CharacterString>指定巢狀結構化檔案格式品質檢測區段 </gco:CharacterString></mex:definition><mex:obligation><mex:MD_ObligationCode>optional</mex:MD_ObligationCode></mex:obligation><mex:dataType><mex:MD_DatatypeCode codeList="http://standards.iso.&#xD;&#xA;org/iso/19115/resources/Codelist/cat/codeLists.xml#MD_DatatypeCode" codeListValue="CharacterString" /></mex:dataType><mex:maximumOccurrence><gco:CharacterString>1</gco:CharacterString></mex:maximumOccurrence><mex:domainValue><gco:CharacterString></gco:CharacterString></mex:domainValue><mex:parentEntity><gco:CharacterString>MD_Metadata</gco:CharacterString></mex:parentEntity><mex:rule><gco:CharacterString>本項目屬核心搜尋項目</gco:CharacterString></mex:rule><mex:source><cit:CI_Responsibility><cit:role><cit:CI_RoleCode codeList="http://standards.iso.org/iso/19115/resources/Codelist/cat/codeList.xml#CI_RoleCode" codeListValue="custodian">custodian</cit:CI_RoleCode></cit:role><cit:party><cit:CI_Organisation><cit:name><gco:CharacterString>內政部</gco:CharacterString></cit:name><cit:contactInfo><cit:CI_Contact><cit:phone><cit:CI_Telephone><cit:number><gco:CharacterString>+886-2-25132238</gco:CharacterString></cit:number><cit:numberType><cit:CI_TelephoneTypeCode codeList="https://standards.iso.org/iso/19115/resources/Codelists/cat/codelists.xml#CI_&#xD;&#xA;TelephoneTypeCode" codeListValue="office" /></cit:numberType></cit:CI_Telephone></cit:phone><cit:address><cit:CI_Address><cit:deliveryPoint><gco:CharacterString>徐州路５號七樓</gco:CharacterString></cit:deliveryPoint><cit:city><gco:CharacterString>臺北市中正區</gco:CharacterString></cit:city><cit:postalCode><gco:CharacterString>10055</gco:CharacterString></cit:postalCode><cit:country><gco:CharacterString>中華民國</gco:CharacterString></cit:country><cit:electronicMailAddress><gco:CharacterString>moi1559@moi.gov.tw</gco:CharacterString></cit:electronicMailAddress></cit:CI_Address></cit:address></cit:CI_Contact></cit:contactInfo></cit:CI_Organisation></cit:party></cit:CI_Responsibility></mex:source></mex:MD_ExtendedElementInformation></mex:extendedElementInformation><mex:extendedElementInformation><mex:MD_ExtendedElementInformation><mex:name><gco:CharacterString>attribute</gco:CharacterString></mex:name><mex:definition><gco:CharacterString>多元屬性。對應分類屬性，可以允許多元屬性。</gco:CharacterString></mex:definition><mex:obligation><mex:MD_ObligationCode>optional</mex:MD_ObligationCode></mex:obligation><mex:dataType><mex:MD_DatatypeCode codeList="http://standards.iso.&#xD;&#xA;org/iso/19115/resources/Codelist/cat/codeLists.xml#MD_DatatypeCode" codeListValue="CharacterString" /></mex:dataType><mex:maximumOccurrence><gco:CharacterString>N</gco:CharacterString></mex:maximumOccurrence><mex:domainValue><gco:CharacterString></gco:CharacterString></mex:domainValue><mex:parentEntity><gco:CharacterString>MD_Metadata</gco:CharacterString></mex:parentEntity><mex:rule><gco:CharacterString>本項目屬核心搜尋項目</gco:CharacterString></mex:rule><mex:source><cit:CI_Responsibility><cit:role><cit:CI_RoleCode codeList="http://standards.iso.org/iso/19115/resources/Codelist/cat/codeList.xml#CI_RoleCode" codeListValue="custodian">custodian</cit:CI_RoleCode></cit:role><cit:party><cit:CI_Organisation><cit:name><gco:CharacterString>內政部</gco:CharacterString></cit:name><cit:contactInfo><cit:CI_Contact><cit:phone><cit:CI_Telephone><cit:number><gco:CharacterString>+886-2-25132238</gco:CharacterString></cit:number><cit:numberType><cit:CI_TelephoneTypeCode codeList="https://standards.iso.org/iso/19115/resources/Codelists/cat/codelists.xml#CI_&#xD;&#xA;TelephoneTypeCode" codeListValue="office" /></cit:numberType></cit:CI_Telephone></cit:phone><cit:address><cit:CI_Address><cit:deliveryPoint><gco:CharacterString>徐州路５號七樓</gco:CharacterString></cit:deliveryPoint><cit:city><gco:CharacterString>臺北市中正區</gco:CharacterString></cit:city><cit:postalCode><gco:CharacterString>10055</gco:CharacterString></cit:postalCode><cit:country><gco:CharacterString>中華民國</gco:CharacterString></cit:country><cit:electronicMailAddress><gco:CharacterString>moi1559@moi.gov.tw</gco:CharacterString></cit:electronicMailAddress></cit:CI_Address></cit:address></cit:CI_Contact></cit:contactInfo></cit:CI_Organisation></cit:party></cit:CI_Responsibility></mex:source></mex:MD_ExtendedElementInformation></mex:extendedElementInformation><mex:extendedElementInformation><mex:MD_ExtendedElementInformation><mex:name><gco:CharacterString>level</gco:CharacterString></mex:name><mex:definition><gco:CharacterString>多元分級。對應國家空間資料資產之分級定義。</gco:CharacterString></mex:definition><mex:obligation><mex:MD_ObligationCode>mandatory</mex:MD_ObligationCode></mex:obligation><mex:dataType><mex:MD_DatatypeCode codeList="http://standards.iso.&#xD;&#xA;org/iso/19115/resources/Codelist/cat/codeLists.xml#MD_DatatypeCode" codeListValue="CharacterString" /></mex:dataType><mex:maximumOccurrence><gco:CharacterString>N</gco:CharacterString></mex:maximumOccurrence><mex:domainValue><gco:CharacterString></gco:CharacterString></mex:domainValue><mex:parentEntity><gco:CharacterString>MD_Metadata</gco:CharacterString></mex:parentEntity><mex:rule><gco:CharacterString>本項目屬核心搜尋項目</gco:CharacterString></mex:rule><mex:source><cit:CI_Responsibility><cit:role><cit:CI_RoleCode codeList="http://standards.iso.org/iso/19115/resources/Codelist/cat/codeList.xml#CI_RoleCode" codeListValue="custodian">custodian</cit:CI_RoleCode></cit:role><cit:party><cit:CI_Organisation><cit:name><gco:CharacterString>內政部</gco:CharacterString></cit:name><cit:contactInfo><cit:CI_Contact><cit:phone><cit:CI_Telephone><cit:number><gco:CharacterString>+886-2-25132238</gco:CharacterString></cit:number><cit:numberType><cit:CI_TelephoneTypeCode codeList="https://standards.iso.org/iso/19115/resources/Codelists/cat/codelists.xml#CI_&#xD;&#xA;TelephoneTypeCode" codeListValue="office" /></cit:numberType></cit:CI_Telephone></cit:phone><cit:address><cit:CI_Address><cit:deliveryPoint><gco:CharacterString>徐州路５號七樓</gco:CharacterString></cit:deliveryPoint><cit:city><gco:CharacterString>臺北市中正區</gco:CharacterString></cit:city><cit:postalCode><gco:CharacterString>10055</gco:CharacterString></cit:postalCode><cit:country><gco:CharacterString>中華民國</gco:CharacterString></cit:country><cit:electronicMailAddress><gco:CharacterString>moi1559@moi.gov.tw</gco:CharacterString></cit:electronicMailAddress></cit:CI_Address></cit:address></cit:CI_Contact></cit:contactInfo></cit:CI_Organisation></cit:party></cit:CI_Responsibility></mex:source></mex:MD_ExtendedElementInformation></mex:extendedElementInformation><mex:extendedElementInformation><mex:MD_ExtendedElementInformation><mex:name><gco:CharacterString>lma</gco:CharacterString></mex:name><mex:definition><gco:CharacterString>管理能力。依據圖資生命週期評估結果，分成尚未發展、初等管理能力、中等管理能力、高等管理能力等四級。</gco:CharacterString></mex:definition><mex:obligation><mex:MD_ObligationCode>optional</mex:MD_ObligationCode></mex:obligation><mex:dataType><mex:MD_DatatypeCode codeList="http://standards.iso.&#xD;&#xA;org/iso/19115/resources/Codelist/cat/codeLists.xml#MD_DatatypeCode" codeListValue="CharacterString" /></mex:dataType><mex:maximumOccurrence><gco:CharacterString></gco:CharacterString></mex:maximumOccurrence><mex:domainValue><gco:CharacterString></gco:CharacterString></mex:domainValue><mex:parentEntity><gco:CharacterString>MD_Metadata</gco:CharacterString></mex:parentEntity><mex:rule><gco:CharacterString>本項目屬核心搜尋項目</gco:CharacterString></mex:rule><mex:source><cit:CI_Responsibility><cit:role><cit:CI_RoleCode codeList="http://standards.iso.org/iso/19115/resources/Codelist/cat/codeList.xml#CI_RoleCode" codeListValue="custodian">custodian</cit:CI_RoleCode></cit:role><cit:party><cit:CI_Organisation><cit:name><gco:CharacterString>內政部</gco:CharacterString></cit:name><cit:contactInfo><cit:CI_Contact><cit:phone><cit:CI_Telephone><cit:number><gco:CharacterString>+886-2-25132238</gco:CharacterString></cit:number><cit:numberType><cit:CI_TelephoneTypeCode codeList="https://standards.iso.org/iso/19115/resources/Codelists/cat/codelists.xml#CI_&#xD;&#xA;TelephoneTypeCode" codeListValue="office" /></cit:numberType></cit:CI_Telephone></cit:phone><cit:address><cit:CI_Address><cit:deliveryPoint><gco:CharacterString>徐州路５號七樓</gco:CharacterString></cit:deliveryPoint><cit:city><gco:CharacterString>臺北市中正區</gco:CharacterString></cit:city><cit:postalCode><gco:CharacterString>10055</gco:CharacterString></cit:postalCode><cit:country><gco:CharacterString>中華民國</gco:CharacterString></cit:country><cit:electronicMailAddress><gco:CharacterString>moi1559@moi.gov.tw</gco:CharacterString></cit:electronicMailAddress></cit:CI_Address></cit:address></cit:CI_Contact></cit:contactInfo></cit:CI_Organisation></cit:party></cit:CI_Responsibility></mex:source></mex:MD_ExtendedElementInformation></mex:extendedElementInformation><mex:extendedElementInformation><mex:MD_ExtendedElementInformation><mex:name><gco:CharacterString>publish</gco:CharacterString></mex:name><mex:definition><gco:CharacterString>限制開放欄位。在部分研究規劃圖資尚未完成前先不開放，以開放為原則，限制開放為例外。</gco:CharacterString></mex:definition><mex:obligation><mex:MD_ObligationCode>optional</mex:MD_ObligationCode></mex:obligation><mex:dataType><mex:MD_DatatypeCode codeList="http://standards.iso.&#xD;&#xA;org/iso/19115/resources/Codelist/cat/codeLists.xml#MD_DatatypeCode" codeListValue="CharacterString" /></mex:dataType><mex:maximumOccurrence><gco:CharacterString></gco:CharacterString></mex:maximumOccurrence><mex:domainValue><gco:CharacterString></gco:CharacterString></mex:domainValue><mex:parentEntity><gco:CharacterString>MD_Metadata</gco:CharacterString></mex:parentEntity><mex:rule><gco:CharacterString>本項目屬核心搜尋項目</gco:CharacterString></mex:rule><mex:source><cit:CI_Responsibility><cit:role><cit:CI_RoleCode codeList="http://standards.iso.org/iso/19115/resources/Codelist/cat/codeList.xml#CI_RoleCode" codeListValue="custodian">custodian</cit:CI_RoleCode></cit:role><cit:party><cit:CI_Organisation><cit:name><gco:CharacterString>內政部</gco:CharacterString></cit:name><cit:contactInfo><cit:CI_Contact><cit:phone><cit:CI_Telephone><cit:number><gco:CharacterString>+886-2-25132238</gco:CharacterString></cit:number><cit:numberType><cit:CI_TelephoneTypeCode codeList="https://standards.iso.org/iso/19115/resources/Codelists/cat/codelists.xml#CI_&#xD;&#xA;TelephoneTypeCode" codeListValue="office" /></cit:numberType></cit:CI_Telephone></cit:phone><cit:address><cit:CI_Address><cit:deliveryPoint><gco:CharacterString>徐州路５號七樓</gco:CharacterString></cit:deliveryPoint><cit:city><gco:CharacterString>臺北市中正區</gco:CharacterString></cit:city><cit:postalCode><gco:CharacterString>10055</gco:CharacterString></cit:postalCode><cit:country><gco:CharacterString>中華民國</gco:CharacterString></cit:country><cit:electronicMailAddress><gco:CharacterString>moi1559@moi.gov.tw</gco:CharacterString></cit:electronicMailAddress></cit:CI_Address></cit:address></cit:CI_Contact></cit:contactInfo></cit:CI_Organisation></cit:party></cit:CI_Responsibility></mex:source></mex:MD_ExtendedElementInformation></mex:extendedElementInformation><mex:extendedElementInformation><mex:MD_ExtendedElementInformation><mex:name><gco:CharacterString>openlevel</gco:CharacterString></mex:name><mex:definition><gco:CharacterString>開放資料星等。國家空間資料資產與開放資料星等的對應；若國家空間資料資產為非開放資料，就註記「非開放資料」，其餘寫對應可寫「一星、二星、三星、四星、五星」。</gco:CharacterString></mex:definition><mex:obligation><mex:MD_ObligationCode>optional</mex:MD_ObligationCode></mex:obligation><mex:dataType><mex:MD_DatatypeCode codeList="http://standards.iso.&#xD;&#xA;org/iso/19115/resources/Codelist/cat/codeLists.xml#MD_DatatypeCode" codeListValue="CharacterString" /></mex:dataType><mex:maximumOccurrence><gco:CharacterString></gco:CharacterString></mex:maximumOccurrence><mex:domainValue><gco:CharacterString></gco:CharacterString></mex:domainValue><mex:parentEntity><gco:CharacterString>MD_Metadata</gco:CharacterString></mex:parentEntity><mex:rule><gco:CharacterString>本項目屬核心搜尋項目</gco:CharacterString></mex:rule><mex:source><cit:CI_Responsibility><cit:role><cit:CI_RoleCode codeList="http://standards.iso.org/iso/19115/resources/Codelist/cat/codeList.xml#CI_RoleCode" codeListValue="custodian">custodian</cit:CI_RoleCode></cit:role><cit:party><cit:CI_Organisation><cit:name><gco:CharacterString>內政部</gco:CharacterString></cit:name><cit:contactInfo><cit:CI_Contact><cit:phone><cit:CI_Telephone><cit:number><gco:CharacterString>+886-2-25132238</gco:CharacterString></cit:number><cit:numberType><cit:CI_TelephoneTypeCode codeList="https://standards.iso.org/iso/19115/resources/Codelists/cat/codelists.xml#CI_&#xD;&#xA;TelephoneTypeCode" codeListValue="office" /></cit:numberType></cit:CI_Telephone></cit:phone><cit:address><cit:CI_Address><cit:deliveryPoint><gco:CharacterString>徐州路５號七樓</gco:CharacterString></cit:deliveryPoint><cit:city><gco:CharacterString>臺北市中正區</gco:CharacterString></cit:city><cit:postalCode><gco:CharacterString>10055</gco:CharacterString></cit:postalCode><cit:country><gco:CharacterString>中華民國</gco:CharacterString></cit:country><cit:electronicMailAddress><gco:CharacterString>moi1559@moi.gov.tw</gco:CharacterString></cit:electronicMailAddress></cit:CI_Address></cit:address></cit:CI_Contact></cit:contactInfo></cit:CI_Organisation></cit:party></cit:CI_Responsibility></mex:source></mex:MD_ExtendedElementInformation></mex:extendedElementInformation><mex:extendedElementInformation><mex:MD_ExtendedElementInformation><mex:name><gco:CharacterString>dbbgroup</gco:CharacterString></mex:name><mex:definition><gco:CharacterString>資料庫分組。對應九大資料庫分組名稱。</gco:CharacterString></mex:definition><mex:obligation><mex:MD_ObligationCode>optional</mex:MD_ObligationCode></mex:obligation><mex:dataType><mex:MD_DatatypeCode codeList="http://standards.iso.&#xD;&#xA;org/iso/19115/resources/Codelist/cat/codeLists.xml#MD_DatatypeCode" codeListValue="CharacterString" /></mex:dataType><mex:maximumOccurrence><gco:CharacterString></gco:CharacterString></mex:maximumOccurrence><mex:domainValue><gco:CharacterString></gco:CharacterString></mex:domainValue><mex:parentEntity><gco:CharacterString>MD_Metadata</gco:CharacterString></mex:parentEntity><mex:rule><gco:CharacterString>本項目屬核心搜尋項目</gco:CharacterString></mex:rule><mex:source><cit:CI_Responsibility><cit:role><cit:CI_RoleCode codeList="http://standards.iso.org/iso/19115/resources/Codelist/cat/codeList.xml#CI_RoleCode" codeListValue="custodian">custodian</cit:CI_RoleCode></cit:role><cit:party><cit:CI_Organisation><cit:name><gco:CharacterString>內政部</gco:CharacterString></cit:name><cit:contactInfo><cit:CI_Contact><cit:phone><cit:CI_Telephone><cit:number><gco:CharacterString>+886-2-25132238</gco:CharacterString></cit:number><cit:numberType><cit:CI_TelephoneTypeCode codeList="https://standards.iso.org/iso/19115/resources/Codelists/cat/codelists.xml#CI_&#xD;&#xA;TelephoneTypeCode" codeListValue="office" /></cit:numberType></cit:CI_Telephone></cit:phone><cit:address><cit:CI_Address><cit:deliveryPoint><gco:CharacterString>徐州路５號七樓</gco:CharacterString></cit:deliveryPoint><cit:city><gco:CharacterString>臺北市中正區</gco:CharacterString></cit:city><cit:postalCode><gco:CharacterString>10055</gco:CharacterString></cit:postalCode><cit:country><gco:CharacterString>中華民國</gco:CharacterString></cit:country><cit:electronicMailAddress><gco:CharacterString>moi1559@moi.gov.tw</gco:CharacterString></cit:electronicMailAddress></cit:CI_Address></cit:address></cit:CI_Contact></cit:contactInfo></cit:CI_Organisation></cit:party></cit:CI_Responsibility></mex:source></mex:MD_ExtendedElementInformation></mex:extendedElementInformation></mex:MD_MetadataExtensionInformation></mdb:metadataExtensionInfo><mdb:identificationInfo><mri:MD_DataIdentification><mri:citation><cit:CI_Citation><cit:title><gco:CharacterString>各縣(市)警察(分)局暨所屬分駐(派出)所地址資料</gco:CharacterString></cit:title><cit:date><cit:CI_Date><cit:date><gco:DateTime>2013-01-15T12:00:00</gco:DateTime></cit:date><cit:dateType><cit:CI_DateTypeCode codeList="http://standards.iso.org/iso/19115/resources/Codelist/cat/codelists.xml#CI_DateTypeCode" codeListValue="publication">publication</cit:CI_DateTypeCode></cit:dateType></cit:CI_Date></cit:date><cit:citedResponsibleParty><cit:CI_Responsibility><cit:role><cit:CI_RoleCode codeList="http://standards.iso.org/iso/19115/resources/Codelist/cat/codelists.xml#CI_RoleCode" codeListValue="custodian">custodian</cit:CI_RoleCode></cit:role><cit:party><cit:CI_Organisation><cit:name><gco:CharacterString>內政部警政署</gco:CharacterString></cit:name><cit:contactInfo><cit:CI_Contact><cit:phone><cit:CI_Telephone><cit:number><gco:CharacterString>+886-2-23931791#6118</gco:CharacterString></cit:number><cit:numberType><cit:CI_TelephoneTypeCode codeList="http://standards.iso.org/iso/19115/resources/Codelist/cat/codelists.xml#CI_TelephoneTypeCode" codeListValue="voice">voice</cit:CI_TelephoneTypeCode></cit:numberType><cit:number><gco:CharacterString /></cit:number><cit:number><gco:CharacterString /></cit:number><cit:number><gco:CharacterString /></cit:number><cit:number><gco:CharacterString /></cit:number><cit:number><gco:CharacterString /></cit:number><cit:number><gco:CharacterString /></cit:number><cit:number><gco:CharacterString /></cit:number><cit:number><gco:CharacterString /></cit:number><cit:number><gco:CharacterString /></cit:number><cit:number><gco:CharacterString /></cit:number><cit:number><gco:CharacterString /></cit:number><cit:number><gco:CharacterString /></cit:number><cit:number><gco:CharacterString /></cit:number><cit:number><gco:CharacterString /></cit:number><cit:number><gco:CharacterString /></cit:number></cit:CI_Telephone></cit:phone><cit:address><cit:CI_Address><cit:deliveryPoint><gco:CharacterString>台北市中正區100忠孝東路一段7號</gco:CharacterString></cit:deliveryPoint><cit:city><gco:CharacterString>臺北市</gco:CharacterString></cit:city><cit:administrativeArea><gco:CharacterString>中正區</gco:CharacterString></cit:administrativeArea><cit:postalCode><gco:CharacterString>100</gco:CharacterString></cit:postalCode><cit:country><gco:CharacterString>中華民國</gco:CharacterString></cit:country><cit:electronicMailAddress><gco:CharacterString>hiruko@npa.gov.tw</gco:CharacterString></cit:electronicMailAddress></cit:CI_Address></cit:address></cit:CI_Contact></cit:contactInfo><cit:individual><cit:CI_Individual><cit:name><gco:CharacterString>周蓮蓉</gco:CharacterString></cit:name><cit:positionName><gco:CharacterString>助理管理師</gco:CharacterString></cit:positionName></cit:CI_Individual><cit:CI_Individual><cit:name><gco:CharacterString /></cit:name></cit:CI_Individual><cit:CI_Individual><cit:positionName><gco:CharacterString /></cit:positionName></cit:CI_Individual><cit:CI_Individual><cit:name><gco:CharacterString /></cit:name></cit:CI_Individual><cit:CI_Individual><cit:positionName><gco:CharacterString /></cit:positionName></cit:CI_Individual><cit:CI_Individual><cit:name><gco:CharacterString /></cit:name></cit:CI_Individual><cit:CI_Individual><cit:positionName><gco:CharacterString /></cit:positionName></cit:CI_Individual><cit:CI_Individual><cit:name><gco:CharacterString /></cit:name></cit:CI_Individual><cit:CI_Individual><cit:positionName><gco:CharacterString /></cit:positionName></cit:CI_Individual><cit:CI_Individual><cit:name><gco:CharacterString /></cit:name></cit:CI_Individual><cit:CI_Individual><cit:positionName><gco:CharacterString /></cit:positionName></cit:CI_Individual><cit:CI_Individual><cit:name><gco:CharacterString /></cit:name></cit:CI_Individual><cit:CI_Individual><cit:positionName><gco:CharacterString /></cit:positionName></cit:CI_Individual><cit:CI_Individual><cit:name><gco:CharacterString /></cit:name></cit:CI_Individual><cit:CI_Individual><cit:positionName><gco:CharacterString /></cit:positionName></cit:CI_Individual><cit:CI_Individual><cit:name><gco:CharacterString /></cit:name></cit:CI_Individual><cit:CI_Individual><cit:positionName><gco:CharacterString /></cit:positionName></cit:CI_Individual><cit:CI_Individual><cit:name><gco:CharacterString /></cit:name></cit:CI_Individual><cit:CI_Individual><cit:positionName><gco:CharacterString /></cit:positionName></cit:CI_Individual><cit:CI_Individual><cit:name><gco:CharacterString /></cit:name></cit:CI_Individual><cit:CI_Individual><cit:positionName><gco:CharacterString /></cit:positionName></cit:CI_Individual><cit:CI_Individual><cit:name><gco:CharacterString /></cit:name></cit:CI_Individual><cit:CI_Individual><cit:positionName><gco:CharacterString /></cit:positionName></cit:CI_Individual><cit:CI_Individual><cit:name><gco:CharacterString /></cit:name></cit:CI_Individual><cit:CI_Individual><cit:positionName><gco:CharacterString /></cit:positionName></cit:CI_Individual><cit:CI_Individual><cit:name><gco:CharacterString /></cit:name></cit:CI_Individual><cit:CI_Individual><cit:positionName><gco:CharacterString /></cit:positionName></cit:CI_Individual><cit:CI_Individual><cit:name><gco:CharacterString /></cit:name></cit:CI_Individual><cit:CI_Individual><cit:positionName><gco:CharacterString /></cit:positionName></cit:CI_Individual><cit:CI_Individual><cit:name><gco:CharacterString /></cit:name></cit:CI_Individual><cit:CI_Individual><cit:positionName><gco:CharacterString /></cit:positionName></cit:CI_Individual></cit:individual></cit:CI_Organisation></cit:party></cit:CI_Responsibility></cit:citedResponsibleParty></cit:CI_Citation></mri:citation><mri:abstract><gco:CharacterString>各縣(市)警察(分)局暨所屬分駐(派出)所地址資料</gco:CharacterString></mri:abstract><mri:purpose><gco:CharacterString>提供民眾查詢各縣(市)警察(分)局暨所屬分駐(派出)所地址資料</gco:CharacterString></mri:purpose><mri:status><mcc:MD_ProgressCode codeList="http://standards.iso.org/iso/19115/resources/Codelist/cat/codelists.xml#MD_ProgressCode" codeListValue="onGoing">onGoing</mcc:MD_ProgressCode></mri:status><mri:pointOfContact><cit:CI_Responsibility><cit:role><cit:CI_RoleCode codeList="http://standards.iso.org/iso/19115/resources/Codelist/cat/codelists.xml#CI_RoleCode" codeListValue="pointOfContact">pointOfContact</cit:CI_RoleCode></cit:role><cit:party><cit:CI_Organisation><cit:name><gco:CharacterString>內政部警政署</gco:CharacterString></cit:name><cit:contactInfo><cit:CI_Contact><cit:phone><cit:CI_Telephone><cit:number><gco:CharacterString>+886-2-23931791#6118</gco:CharacterString></cit:number><cit:numberType><cit:CI_TelephoneTypeCode codeList="http://standards.iso.org/iso/19115/resources/Codelist/cat/codelists.xml#CI_TelephoneTypeCode" codeListValue="voice">voice</cit:CI_TelephoneTypeCode></cit:numberType><cit:number><gco:CharacterString /></cit:number><cit:number><gco:CharacterString /></cit:number><cit:number><gco:CharacterString /></cit:number><cit:number><gco:CharacterString /></cit:number><cit:number><gco:CharacterString /></cit:number><cit:number><gco:CharacterString /></cit:number><cit:number><gco:CharacterString /></cit:number><cit:number><gco:CharacterString /></cit:number><cit:number><gco:CharacterString /></cit:number><cit:number><gco:CharacterString /></cit:number><cit:number><gco:CharacterString /></cit:number><cit:number><gco:CharacterString /></cit:number><cit:number><gco:CharacterString /></cit:number><cit:number><gco:CharacterString /></cit:number><cit:number><gco:CharacterString /></cit:number></cit:CI_Telephone></cit:phone><cit:address><cit:CI_Address><cit:deliveryPoint><gco:CharacterString>台北市中正區100忠孝東路一段7號</gco:CharacterString></cit:deliveryPoint><cit:city><gco:CharacterString>臺北市</gco:CharacterString></cit:city><cit:administrativeArea><gco:CharacterString>中正區</gco:CharacterString></cit:administrativeArea><cit:postalCode><gco:CharacterString>100</gco:CharacterString></cit:postalCode><cit:country><gco:CharacterString>中華民國</gco:CharacterString></cit:country><cit:electronicMailAddress><gco:CharacterString>hiruko@npa.gov.tw</gco:CharacterString></cit:electronicMailAddress></cit:CI_Address></cit:address></cit:CI_Contact></cit:contactInfo><cit:individual><cit:CI_Individual><cit:name><gco:CharacterString>周蓮蓉</gco:CharacterString></cit:name><cit:positionName><gco:CharacterString>助理管理師</gco:CharacterString></cit:positionName></cit:CI_Individual><cit:CI_Individual><cit:name><gco:CharacterString /></cit:name></cit:CI_Individual><cit:CI_Individual><cit:positionName><gco:CharacterString /></cit:positionName></cit:CI_Individual><cit:CI_Individual><cit:name><gco:CharacterString /></cit:name></cit:CI_Individual><cit:CI_Individual><cit:positionName><gco:CharacterString /></cit:positionName></cit:CI_Individual><cit:CI_Individual><cit:name><gco:CharacterString /></cit:name></cit:CI_Individual><cit:CI_Individual><cit:positionName><gco:CharacterString /></cit:positionName></cit:CI_Individual><cit:CI_Individual><cit:name><gco:CharacterString /></cit:name></cit:CI_Individual><cit:CI_Individual><cit:positionName><gco:CharacterString /></cit:positionName></cit:CI_Individual><cit:CI_Individual><cit:name><gco:CharacterString /></cit:name></cit:CI_Individual><cit:CI_Individual><cit:positionName><gco:CharacterString /></cit:positionName></cit:CI_Individual><cit:CI_Individual><cit:name><gco:CharacterString /></cit:name></cit:CI_Individual><cit:CI_Individual><cit:positionName><gco:CharacterString /></cit:positionName></cit:CI_Individual><cit:CI_Individual><cit:name><gco:CharacterString /></cit:name></cit:CI_Individual><cit:CI_Individual><cit:positionName><gco:CharacterString /></cit:positionName></cit:CI_Individual><cit:CI_Individual><cit:name><gco:CharacterString /></cit:name></cit:CI_Individual><cit:CI_Individual><cit:positionName><gco:CharacterString /></cit:positionName></cit:CI_Individual><cit:CI_Individual><cit:name><gco:CharacterString /></cit:name></cit:CI_Individual><cit:CI_Individual><cit:positionName><gco:CharacterString /></cit:positionName></cit:CI_Individual><cit:CI_Individual><cit:name><gco:CharacterString /></cit:name></cit:CI_Individual><cit:CI_Individual><cit:positionName><gco:CharacterString /></cit:positionName></cit:CI_Individual><cit:CI_Individual><cit:name><gco:CharacterString /></cit:name></cit:CI_Individual><cit:CI_Individual><cit:positionName><gco:CharacterString /></cit:positionName></cit:CI_Individual><cit:CI_Individual><cit:name><gco:CharacterString /></cit:name></cit:CI_Individual><cit:CI_Individual><cit:positionName><gco:CharacterString /></cit:positionName></cit:CI_Individual><cit:CI_Individual><cit:name><gco:CharacterString /></cit:name></cit:CI_Individual><cit:CI_Individual><cit:positionName><gco:CharacterString /></cit:positionName></cit:CI_Individual><cit:CI_Individual><cit:name><gco:CharacterString /></cit:name></cit:CI_Individual><cit:CI_Individual><cit:positionName><gco:CharacterString /></cit:positionName></cit:CI_Individual><cit:CI_Individual><cit:name><gco:CharacterString /></cit:name></cit:CI_Individual><cit:CI_Individual><cit:positionName><gco:CharacterString /></cit:positionName></cit:CI_Individual></cit:individual></cit:CI_Organisation></cit:party></cit:CI_Responsibility></mri:pointOfContact><mri:topicCategory><mri:MD_TopicCategoryCode>location</mri:MD_TopicCategoryCode></mri:topicCategory><mri:extent><gex:EX_Extent><gex:geographicElement><gex:EX_GeographicBoundingBox><gex:westBoundLongitude><gco:Decimal>122</gco:Decimal></gex:westBoundLongitude><gex:eastBoundLongitude><gco:Decimal>118.27</gco:Decimal></gex:eastBoundLongitude><gex:southBoundLatitude><gco:Decimal>21.88</gco:Decimal></gex:southBoundLatitude><gex:northBoundLatitude><gco:Decimal>26</gco:Decimal></gex:northBoundLatitude></gex:EX_GeographicBoundingBox></gex:geographicElement></gex:EX_Extent></mri:extent><mri:resourceMaintenance><mmi:MD_MaintenanceInformation><mmi:maintenanceAndUpdateFrequency><mmi:MD_MaintenanceFrequencyCode codeList="http://standards.iso.org/iso/19115/resources/Codelist/cat/codeLists.xml#MD_MaintenanceFrequencyCode" codeListValue="monthly" /></mmi:maintenanceAndUpdateFrequency></mmi:MD_MaintenanceInformation></mri:resourceMaintenance><mri:descriptiveKeywords><mri:MD_Keywords><mri:keyword><gco:CharacterString>警政署</gco:CharacterString></mri:keyword></mri:MD_Keywords></mri:descriptiveKeywords><mri:defaultLocale><lan:PT_Locale><lan:language><lan:LanguageCode codeList="http://standards.iso.org/iso/19115/resources/Codelist/lan/LanguageCode.xml" codeListValue="eng">English</lan:LanguageCode></lan:language><lan:characterEncoding><lan:MD_CharacterSetCode codeList="http://standards.iso.org/iso/19115/resources/Codelist/lan/CharacterSetCode.xml" codeListValue="utf8">UTF-8</lan:MD_CharacterSetCode></lan:characterEncoding></lan:PT_Locale></mri:defaultLocale></mri:MD_DataIdentification></mdb:identificationInfo><mdb:distributionInfo><mrd:MD_Distribution><mrd:distributionFormat><mrd:MD_Format><mrd:formatSpecificationCitation><cit:CI_Citation><cit:title><gco:CharacterString>CSV/TXT</gco:CharacterString></cit:title><cit:edition><gco:CharacterString>none</gco:CharacterString></cit:edition></cit:CI_Citation></mrd:formatSpecificationCitation></mrd:MD_Format></mrd:distributionFormat><mrd:distributor><mrd:MD_Distributor><mrd:distributorContact><cit:CI_Responsibility><cit:role><cit:CI_RoleCode codeList="http://standards.iso.org/iso/19115/resources/Codelist/cat/codelists.xml#CI_RoleCode" codeListValue="distributor">distributor</cit:CI_RoleCode></cit:role><cit:party><cit:CI_Organisation><cit:name><gco:CharacterString>內政部警政署</gco:CharacterString></cit:name><cit:contactInfo><cit:CI_Contact><cit:phone><cit:CI_Telephone><cit:number><gco:CharacterString>+886-2-23931791#6118</gco:CharacterString></cit:number><cit:numberType><cit:CI_TelephoneTypeCode codeList="http://standards.iso.org/iso/19115/resources/Codelist/cat/codelists.xml#CI_TelephoneTypeCode" codeListValue="voice">voice</cit:CI_TelephoneTypeCode></cit:numberType><cit:number><gco:CharacterString /></cit:number><cit:number><gco:CharacterString /></cit:number><cit:number><gco:CharacterString /></cit:number><cit:number><gco:CharacterString /></cit:number><cit:number><gco:CharacterString /></cit:number><cit:number><gco:CharacterString /></cit:number><cit:number><gco:CharacterString /></cit:number><cit:number><gco:CharacterString /></cit:number><cit:number><gco:CharacterString /></cit:number><cit:number><gco:CharacterString /></cit:number><cit:number><gco:CharacterString /></cit:number><cit:number><gco:CharacterString /></cit:number><cit:number><gco:CharacterString /></cit:number><cit:number><gco:CharacterString /></cit:number><cit:number><gco:CharacterString /></cit:number></cit:CI_Telephone></cit:phone><cit:address><cit:CI_Address><cit:deliveryPoint><gco:CharacterString>台北市中正區100忠孝東路一段7號</gco:CharacterString></cit:deliveryPoint><cit:city><gco:CharacterString>臺北市</gco:CharacterString></cit:city><cit:administrativeArea><gco:CharacterString>中正區</gco:CharacterString></cit:administrativeArea><cit:postalCode><gco:CharacterString>100</gco:CharacterString></cit:postalCode><cit:country><gco:CharacterString>中華民國</gco:CharacterString></cit:country><cit:electronicMailAddress><gco:CharacterString>hiruko@npa.gov.tw</gco:CharacterString></cit:electronicMailAddress></cit:CI_Address></cit:address></cit:CI_Contact></cit:contactInfo><cit:individual><cit:CI_Individual><cit:name><gco:CharacterString>周蓮蓉</gco:CharacterString></cit:name><cit:positionName><gco:CharacterString>助理管理師</gco:CharacterString></cit:positionName></cit:CI_Individual><cit:CI_Individual><cit:name><gco:CharacterString /></cit:name></cit:CI_Individual><cit:CI_Individual><cit:positionName><gco:CharacterString /></cit:positionName></cit:CI_Individual><cit:CI_Individual><cit:name><gco:CharacterString /></cit:name></cit:CI_Individual><cit:CI_Individual><cit:positionName><gco:CharacterString /></cit:positionName></cit:CI_Individual><cit:CI_Individual><cit:name><gco:CharacterString /></cit:name></cit:CI_Individual><cit:CI_Individual><cit:positionName><gco:CharacterString /></cit:positionName></cit:CI_Individual><cit:CI_Individual><cit:name><gco:CharacterString /></cit:name></cit:CI_Individual><cit:CI_Individual><cit:positionName><gco:CharacterString /></cit:positionName></cit:CI_Individual><cit:CI_Individual><cit:name><gco:CharacterString /></cit:name></cit:CI_Individual><cit:CI_Individual><cit:positionName><gco:CharacterString /></cit:positionName></cit:CI_Individual><cit:CI_Individual><cit:name><gco:CharacterString /></cit:name></cit:CI_Individual><cit:CI_Individual><cit:positionName><gco:CharacterString /></cit:positionName></cit:CI_Individual><cit:CI_Individual><cit:name><gco:CharacterString /></cit:name></cit:CI_Individual><cit:CI_Individual><cit:positionName><gco:CharacterString /></cit:positionName></cit:CI_Individual><cit:CI_Individual><cit:name><gco:CharacterString /></cit:name></cit:CI_Individual><cit:CI_Individual><cit:positionName><gco:CharacterString /></cit:positionName></cit:CI_Individual><cit:CI_Individual><cit:name><gco:CharacterString /></cit:name></cit:CI_Individual><cit:CI_Individual><cit:positionName><gco:CharacterString /></cit:positionName></cit:CI_Individual><cit:CI_Individual><cit:name><gco:CharacterString /></cit:name></cit:CI_Individual><cit:CI_Individual><cit:positionName><gco:CharacterString /></cit:positionName></cit:CI_Individual><cit:CI_Individual><cit:name><gco:CharacterString /></cit:name></cit:CI_Individual><cit:CI_Individual><cit:positionName><gco:CharacterString /></cit:positionName></cit:CI_Individual><cit:CI_Individual><cit:name><gco:CharacterString /></cit:name></cit:CI_Individual><cit:CI_Individual><cit:positionName><gco:CharacterString /></cit:positionName></cit:CI_Individual><cit:CI_Individual><cit:name><gco:CharacterString /></cit:name></cit:CI_Individual><cit:CI_Individual><cit:positionName><gco:CharacterString /></cit:positionName></cit:CI_Individual><cit:CI_Individual><cit:name><gco:CharacterString /></cit:name></cit:CI_Individual><cit:CI_Individual><cit:positionName><gco:CharacterString /></cit:positionName></cit:CI_Individual><cit:CI_Individual><cit:name><gco:CharacterString /></cit:name></cit:CI_Individual><cit:CI_Individual><cit:positionName><gco:CharacterString /></cit:positionName></cit:CI_Individual></cit:individual></cit:CI_Organisation></cit:party></cit:CI_Responsibility></mrd:distributorContact></mrd:MD_Distributor></mrd:distributor></mrd:MD_Distribution></mdb:distributionInfo></mdb:MD_Metadata>
